variant,parent,mutation,ddG
4WOR_A_0,,,0.0
4WOR_A_1,4WOR_A_0,A112C,0.8
4WOR_A_2,4WOR_A_0,A112F,1.3
4WOR_A_3,4WOR_A_0,A60C,1.2
4WOR_A_4,4WOR_A_0,A60G,1.5
4WOR_A_5,4WOR_A_0,A60V,2.9
4WOR_A_6,4WOR_A_0,A69T,2.08
4WOR_A_7,4WOR_A_0,A90S,2.6
4WOR_A_8,4WOR_A_0,D21K,-1.0
4WOR_A_9,4WOR_A_0,D21N,-1.4
4WOR_A_10,4WOR_A_0,D77A,3.2
4WOR_A_11,4WOR_A_0,D77G,2.2
4WOR_A_12,4WOR_A_0,D83A,3.9
4WOR_A_13,4WOR_A_0,D83G,2.8
4WOR_A_14,4WOR_A_0,D95A,3.6
4WOR_A_15,4WOR_A_0,D95G,3.1
4WOR_A_16,4WOR_A_0,E57C,0.7
4WOR_A_17,4WOR_A_0,E57F,0.9
4WOR_A_18,4WOR_A_0,E73A,1.6
4WOR_A_19,4WOR_A_0,F61A,2.4
4WOR_A_20,4WOR_A_0,F61G,4.7
4WOR_A_21,4WOR_A_0,F76A,4.1
4WOR_A_22,4WOR_A_0,F76G,4.7
4WOR_A_23,4WOR_A_0,G29C,1.1
4WOR_A_24,4WOR_A_0,G29F,1.1
4WOR_A_25,4WOR_A_0,G50C,0.8
4WOR_A_26,4WOR_A_0,G79S,1.2
4WOR_A_27,4WOR_A_0,G88V,-0.6
4WOR_A_28,4WOR_A_0,H124L,-1.9
4WOR_A_29,4WOR_A_0,I18G,2.6
4WOR_A_30,4WOR_A_0,K134C,0.7
4WOR_A_31,4WOR_A_0,K70C,0.5
4WOR_A_32,4WOR_A_0,L25A,2.8
4WOR_A_33,4WOR_A_0,L36A,3.6
4WOR_A_34,4WOR_A_0,L36G,5.4
4WOR_A_35,4WOR_A_0,L37A,1.8
4WOR_A_36,4WOR_A_0,L37G,3.9
4WOR_A_37,4WOR_A_0,L89F,1.2
4WOR_A_38,4WOR_A_0,L103A,4.6
4WOR_A_39,4WOR_A_0,M32I,0.6
4WOR_A_40,4WOR_A_0,M32L,0.8
4WOR_A_41,4WOR_A_0,N118D,2.5
4WOR_A_42,4WOR_A_0,P117G,-1.0
4WOR_A_43,4WOR_A_0,R105C,2.7
4WOR_A_44,4WOR_A_0,R105F,3.1
4WOR_A_45,4WOR_A_0,S128A,-0.7
4WOR_A_46,4WOR_A_0,S59A,-0.5
4WOR_A_47,4WOR_A_0,T33S,1.4
4WOR_A_48,4WOR_A_0,T41I,-0.7
4WOR_A_49,4WOR_A_0,T62A,2.4
4WOR_A_50,4WOR_A_0,T62G,3.4
4WOR_A_51,4WOR_A_0,V23A,1.72
4WOR_A_52,4WOR_A_0,V23F,1.5
4WOR_A_53,4WOR_A_0,V66A,1.72
4WOR_A_54,4WOR_A_0,V66L,-0.6
4WOR_A_55,4WOR_A_0,V66W,1.22
4WOR_A_56,4WOR_A_0,W140F,0.6
4WOR_A_57,4WOR_A_0,W140L,4.5
4WOR_A_58,4WOR_A_0,W140Y,1.1
4WOR_A_59,4WOR_A_0,Y91S,5.3
